paper_id,title,doi,alloy_system,has_composition,has_process,has_microstructure,has_property
P001,3D ink-extrusion of elemental powders for high-compliance β-Ti microlattices,10.1016/j.jmrt.2025.06.225,Ti-based,,,,
P002,3D-printed porous titanium scaffolds incorporating niobium for high bone regeneration capacity,10.1016/j.matdes.2020.108890,Ti-based,,,,
P003,A comparative bio-mechanical performance assessment of additively manufactured bone scaffolds using different beta Ti alloys and Gyroid based cellular structure,10.1016/j.jmrt.2025.01.096,Ti-based,,,,
P004,A comparison study of the dwell-fatigue behaviours of additive and conventional IN718 The role of dislocation substructure on the cracking behaviour,10.1016/j.msea.2020.140072,Ti-based,,,,
P005,A comprehensive review of additively manufactured biomedical titanium alloys for bone tissue engineering Biocorrosion biomechanical and biological properties,10.1016/j.jmrt.2025.05.069,Ti-based,,,,
P006,A creep constitutive model for Inconel 718-BNi2 brazed joints incorporating the dynamic interplay between dislocations and γ precipitate phases,10.1016/j.matdes.2025.114170,Ti-based,,,,
P007,A critical assessment of experimental investigation of dynamic recrystallization of metallic materials,10.1016/j.matdes.2020.108873,Ti-based,,,,
P008,A critical review of dispersion strengthened titanium alloy fabricated through spark plasma sintering techniques,10.1016/j.jallcom.2023.170407,Ti-based,,,,
P009,A critical review on multifunctional surface strategies for titanium alloys in bioactive and durable implants,10.1016/j.nxbio.2025.100009,Ti-based,,,,
P010,A low-cost metastable beta Ti alloy with high elastic admissible strain and enhanced ductility for orthopaedic application,10.1016/j.jallcom.2020.155391,Ti-based,,,,
P011,A machine learning multitasking integrated framework and its derived Moceinflocposteqceinf-Feceinflocposteqceinf map for designing TRIP titanium alloys,10.1016/j.matdes.2025.115254,Ti-based,,,,
P012,A novel high-strength ceitalicβceitalic-Ti alloy with hierarchical distribution of ceitalicαceitalic-phase The superior combination of strength and ductility,10.1016/j.matdes.2019.107640,Ti-based,,,,
P013,A novel method to prevent cracking in directed energy deposition of Inconel 738 by in-situ doping Inconel 718,10.1016/j.matdes.2020.109214,Ti-based,,,,
P014,A recrystallization heat-treatment to reduce deformation anisotropy of additively manufactured Inconel 718,10.1016/j.matdes.2020.109228,Ti-based,,,,
P015,A strategy for designing Ti-based ceitalicin-situceitalic bulk metallic glass composites with tailored structural metastability using conventional titanium alloys,10.1016/j.jmrt.2024.08.208,Ti-based,,,,
P016,A study of the influence of novel scan strategies on residual stress and microstructure of L-shaped LPBF IN718 samples,10.1016/j.matdes.2022.110386,Unknown,,,,
P017,A study on the microstructure and mechanical properties of the Ti-6Al-2Sn-4Zr-6Mo alloy produced via Laser Powder Bed Fusion,10.1016/j.jallcom.2021.159329,Ti-based,,,,
P018,A tribological investigation of SLM fabricated TC4 titanium alloy with carburization pre-treatment,10.1016/j.ceramint.2019.10.004,Ti-based,,,,
P019,Achieving balanced mechanical properties in laser powder bed fusion processed Inconel 718 superalloy through a simplified heat treatment process,10.1016/j.jmst.2024.06.057,Ti-based,,,,
P020,Achieving cryogenic strength-ductility synergy of near-α titanium alloy fabricated by laser direct energy deposition through multiscale deformation,10.1016/j.matdes.2025.114858,Ti-based,,,,
P021,Achieving high work-hardening and high plasticity of metastable β-Ti-xV-5Zr3Al2Cr alloy through α martensite,10.1016/j.jmrt.2025.03.158,Ti-based,,,,
P022,Additive manufacturing of Ti6Al4V alloy via electron beam melting for the development of implants for the biomedical industry,10.1016/j.heliyon.2021.e06892,Ti-based,,,,
P023,Additive manufacturing of a porous titanium layer structure Ti on a CoCr alloy for manufacturing cementless implants,10.1016/j.jmrt.2020.11.080,Ti-based,,,,
P024,Additive manufacturing of functionally graded inconel 718 Effect of heat treatment and building orientation on microstructure and fatigue behaviour,10.1016/j.jmatprotec.2022.117573,Ti-based,,,,
P025,Additive manufacturing of metastable beta TiNbFeSn alloys with tuned mechanical properties for biomedical implants Processingstructureproperty relationships and alloy selection for implant design,10.1016/j.jmrt.2025.11.064,Ti-based,,,,
P026,Additive manufacturing of titanium alloys for biomedical applications A systematic review,10.1016/j.revmat.2025.100011,Ti-based,,,,
P027,Additive manufacturing of titanium-based alloys- A review of methods properties challenges and prospects,10.1016/j.heliyon.2022.e09041,Ti-based,,,,
P028,Additively manufactured Tantalum-titanium alloys with optimized osteogenic and immunomodulatory properties for load-bearing orthopedic implants,10.1016/j.bioactmat.2025.11.029,Ti-based,,,,
P029,Advances in additively manufactured titanium alloys by powder bed fusion and directed energy deposition Microstructure defects and mechanical behavior,10.1016/j.jmst.2023.11.003,Ti-based,,,,
P030,Advances in nano-inoculant grain refinement for fusion-based additive manufacturing of Al and Ti alloys,10.1016/j.matdes.2025.114581,Ti-based,,,,
P031,An investigation into the effect of scanning pattern and heat treatment on the mechanical properties of Inconel 718 in the direct metal deposition process,10.1016/j.jmrt.2023.04.109,Ti-based,,,,
P032,Analysis of single tracks of IN718 produced by laser powder directed energy deposition process,10.1016/j.procir.2022.09.006,Ti-based,,,,
P033,Anisotropy in cyclic behavior and fatigue crack growth of IN718 processed by laser powder bed fusion,10.1016/j.addma.2022.103301,Ti-based,,,,
P034,Anisotropy in tensile properties of a high strength metastable β titanium alloy,10.1016/j.matdes.2024.113401,Ti-based,,,,
P035,Assessment of β stabilizers additions on microstructure and properties of as-cast β TiNb based alloys,10.1016/j.jmrt.2022.12.144,Ti-based,,,,
P036,Balancing strength modulus and biocompatibility in a novel oxygen-containing β-type titanium alloy,10.1016/j.jmrt.2025.11.120,Ti-based,,,,
P037,Beta-titanium alloys versus surface treatment How much does it improve their antimicrobial activity A systematic review,10.1016/j.dentre.2024.100079,Ti-based,,,,
P038,Bioactivity and tribological performance of a novel nano-biomaterial beta-type Ti-alloy,10.1016/j.jmrt.2025.03.180,Ti-based,,,,
P039,Cascading of the as-built microstructure through heat treatment and its role on the tensile properties of laser powder bed fused Inconel 718,10.1016/j.mtla.2021.101272,Ti-based,,,,
P040,Characteristics of molten pool flow in adjustable-ring-mode laser welding of titanium alloys considering influence of groove gaps,10.1016/j.jmrt.2025.08.177,Ti-based,,,,
P041,Cold rolling deformation and annealing behavior of a β-type Ti34Nb25Zr titanium alloy for biomedical applications,10.1016/j.jmrt.2019.12.062,Ti-based,,,,
P042,Combination of ceitalicab initioceitalic descriptors and machine learning approach for the prediction of the plasticity mechanisms in β-metastable Ti alloys,10.1016/j.matdes.2024.112801,Ti-based,,,,
P043,Combining manufacturing of titanium alloy through direct energy deposition and laser shock peening processes,10.1016/j.matdes.2021.109626,Ti-based,,,,
P044,Comparison of electron-beam-melted and conventionally rolled Inconel 718 under thermomechanical creep-fatigue loading,10.1016/j.ijfatigue.2025.109238,Ti-based,,,,
P045,Comprehensive mapping of mechanical properties and martensitic transformation in TiAlMo standard ternary system Integrating literature data and fabricating novel high-Al-content superelastic alloys,10.1016/j.jallcom.2024.176841,Ti-based,,,,
P046,Cooling dynamics of two titanium alloys during laser powder bed fusion probed with ceitalicin situceitalic X-ray imaging and diffraction,10.1016/j.matdes.2020.108987,Ti-based,,,,
P047,Corrosion behavior of wire arc additive manufactured Inconel 718 superalloy,10.1016/j.jallcom.2020.154455,Ti-based,,,,
P048,Deformation and strength characteristics of Laves phases in titanium alloys,10.1016/j.matdes.2019.107891,Ti-based,,,,
P049,Deformation behavior of HfNbTaTiZr high entropy alloy singe crystals and polycrystals,10.1016/j.msea.2021.140983,Ti-based,,,,
P050,Deformation behavior of β titanium alloy tubes in die-less forming with taper shape control,10.1016/j.jmrt.2023.09.202,Ti-based,,,,
P051,Deformation mechanisms in a metastable beta titanium twinning induced plasticity alloy with high yield strength and high strain hardening rate,10.1016/j.actamat.2018.04.035,Ti-based,,,,
P052,Design and microstructure-mechanical properties of a novel metastable β titanium alloy with excellent strength-plasticity matching,10.1016/j.jmrt.2024.01.041,Ti-based,,,,
P053,Design of strain-transformable titanium alloys,10.1016/j.crhy.2018.10.004,Ti-based,,,,
P054,Design of thermomechanical processes for tailored microstructures Methodology and application to nanocrystalline titanium alloy Ti-13Nb-13Zr NanoTNZ,10.1021/acs.jchemed.9b0001,Ti-based,,,,
P055,Design of titanium alloys by additive manufacturing A critical review,10.1016/j.apmate.2021.11.001,Ti-based,,,,
P056,Designing against ω phase embrittlement in additively manufactured Ti135Mo metastable β titanium alloy through Sn additions,10.1016/j.addma.2024.104597,Ti-based,,,,
P057,Designing high-temperature oxidation-resistant titanium matrix composites via directed energy deposition-based additive manufacturing,10.1016/j.matdes.2021.110205,Ti-based,,,,
P058,Development of a facile fluorophosphonate-functionalised titanium surface for potential orthopaedic applications,10.1016/j.jot.2020.02.002,Ti-based,,,,
P059,Development of a new metastable beta titanium alloy for biomedical applications,10.1016/j.kijoms.2017.08.005,Ti-based,,,,
P060,Development of low-cost Ti alloys with a balanced strength and ductility with generation of ultra-fine microstructures,10.1016/j.jallcom.2025.180786,Ti-based,,,,
P061,Development of microstructural inhomogeneity in multi-pass flow forming of TA15 alloy cylindrical parts,10.1016/j.cja.2019.08.021,Ti-based,,,,
P062,Development of new β Ti and Zr-based alloys in the Ta-75-xTi-xZr system,10.1016/j.jmrt.2024.02.137,Ti-based,,,,
P063,Diffraction based identification of an elusive FCC phase in carbo-oxidized titanium,10.1016/j.matchar.2021.111435,Ti-based,,,,
P064,Diffusion bonding of Ti6Al4V titanium alloy powder and solid by hot isostatic pressing,10.1016/S1003-6326(22)66041-2,Ti-based,,,,
P065,EDM of Nickle and Titanium Alloy Sheets aided by Vibration,10.1016/j.procir.2020.02.310,Ti-based,,,,
P066,Effect of Aging Parameters on Inconel 718 Fabricated by Laser Directed Energy Deposition,10.1016/j.cjmeam.2023.100101,Ti-based,,,,
P067,Effect of active gas on weld appearance and performance in laser-TIG hybrid welded titanium alloy,10.1016/j.ijlmm.2018.03.002,Ti-based,,,,
P068,Effect of alloying elements on laser surface modification of powder metallurgy to improve surface mechanical properties of beta titanium alloys for biomedical application,10.1016/j.jmrt.2021.07.037,Ti-based,,,,
P069,Effect of building orientation  heat-treatment on microhardness  surface roughness of additive manufactured IN718 alloy,10.1016/j.matpr.2021.12.180,Ti-based,,,,
P070,Effect of cold rolling process on microstructure and mechanical properties of high strength β titanium alloy thin sheets,10.1016/j.pnsc.2018.10.004,Ti-based,,,,
P071,Effect of common alloying elements on α martensite start temperature in titanium alloys,10.1016/j.jmrt.2023.10.159,Ti-based,,,,
P072,Effect of cooling rate on phosphorus segregation behavior and the corresponding precipitation of γ and γ phases in IN718 alloy,10.1016/j.jmst.2019.02.006,Ti-based,,,,
P073,Effect of cooling rate on solidification microstructure and mechanical properties of TiBceinflocpost2ceinf-containing TiAl alloy,10.1016/S1003-6326(21)65504-8,Ti-based,,,,
P074,Effect of heat treatment on microstructure and creep behavior of Ti35Al5Mo6V3Cr2Sn05Fe high-strength ceitalicβceitalic titanium alloy,10.1016/S1003-6326(25)66813-0,Ti-based,,,,
P075,Effect of heat treatment on microstructure and mechanical properties of 316LIN718 graded materials prepared by high-throughput SLM,10.1016/j.matdes.2025.115206,Ti-based,,,,
P076,Effect of heat treatment on microstructure evolution of Inconel 718 alloy fabricated by selective laser melting,10.1016/j.jallcom.2018.06.112,Ti-based,,,,
P077,Effect of heat treatment on microstructures and properties of vacuum laser welding Ti6Al4V titanium alloy,10.1016/j.jmrt.2024.04.265,Ti-based,,,,
P078,Effect of heat treatment on the anisotropic machinability of additive manufactured titanium alloys in micro-milling,10.1016/j.jmrt.2024.08.172,Ti-based,,,,
P079,Effect of heat treatment temperatures on the microstructure and mechanical properties of marine engineering titanium alloy ring components,10.1016/j.jmrt.2025.10.090,Ti-based,,,,
P080,Effect of laser energy density on the microstructure mechanical properties and deformation of Inconel 718 samples fabricated by selective laser melting,10.1016/j.jallcom.2019.01.377,Ti-based,,,,
P081,Effect of laser intensity profile on the microstructure and texture of Inconel 718 superalloy fabricated by direct energy deposition,10.1016/j.jmrt.2022.03.035,Ti-based,,,,
P082,Effect of laser power on the microstructure and mechanical properties of heat treated Inconel 718 superalloy by laser solid forming,10.1016/j.jallcom.2018.02.268,Ti-based,,,,
P083,Effect of microstructure induced anisotropy on fatigue behaviour of functionally graded Inconel 718 fabricated by additive manufacturing,10.1016/j.matchar.2021.111350,Ti-based,,,,
P084,Effect of post-processes on the microstructure and mechanical properties of laser powder bed fused IN718 superalloy,10.1016/j.addma.2021.102416,Ti-based,,,,
P085,Effect of secondary α-phase precipitation on high-strain-rate deformation and shear band evolution in metastable β-titanium alloy,10.1016/j.jmrt.2025.10.158,Ti-based,,,,
P086,Effect of solution treatment on microstructure and stress rupture properties of precipitation hardened IN718 superalloy fabricated by laser powder-bed fusion process,10.1016/j.jmrt.2022.10.047,Ti-based,,,,
P087,Effects of Ga on the structural mechanical and electronic properties of β-Ti-45Nb alloy by experiments and ceitalicab initioceitalic calculations,10.1016/j.jmbbm.2023.105728,Ti-based,,,,
P088,Effects of microstructural heterogeneity and structural defects on the mechanical behaviour of wire  arc additively manufactured Inconel 718 components,10.1016/j.msea.2022.142826,Ti-based,,,,
P089,Effects of post-heat treatment on anisotropic mechanical properties of laser additively manufactured IN718,10.1016/j.msea.2023.145144,Ti-based,,,,
P090,Effects of powder bed fusion process parameters on hardness for Inconel 718,10.1016/j.matpr.2020.06.388,Unknown,,,,
P091,Effects of projectile material on high-speed penetrationperforation of Inconel 718 alloy plates Experiments and simulations,10.1016/j.dt.2025.09.026,Ti-based,,,,
P092,Effects of residual stress and surface roughness on measurement of mechanical properties of IN718 by instrumented indentation testing,10.1016/j.jmrt.2025.10.199,Ti-based,,,,
P093,Effects of sandblasting and HIP on very high cycle fatigue performance of SLM-fabricated IN718 superalloy,10.1016/j.jmrt.2022.02.077,Ti-based,,,,
P094,Effects of temperature and strain rate on isothermal low-cycle fatigue behaviour of Inconel 718 superalloy Damage mechanisms microstructure evolution and life prediction,10.1016/j.ijfatigue.2025.109005,Ti-based,,,,
P095,Effects of temperature on microstructure and mechanical properties of IN718 reinforced by reduced graphene oxide through spark plasma sintering,10.1016/j.jallcom.2018.07.071,Ti-based,,,,
P096,Enhanced mechanical properties in β-Ti alloy aged from recrystallized ultrafine β grains,10.1016/j.matdes.2020.109017,Ti-based,,,,
P097,Enhanced microstructural homogeneity and strength-ductility synergy of Ti-6Cr-5Mo-5V-4Al ceitalicβceitalic-titanium alloy wires through boron addition,10.1016/j.matdes.2023.112288,Ti-based,,,,
P098,Enhanced strength and ductility of laser-directed energy deposition repaired IN718 superalloy via a novel tailored heat treatment,10.1016/j.jmst.2024.03.008,Ti-based,,,,
P099,Enhanced strength and reduced elastic modulus of biomedical metastable β TiNb alloy via intermediate phase transformation,10.1016/j.matdes.2025.113662,Ti-based,,,,
P100,Enhanced structural and tribological performance of nanostructured Ti15Nb alloy for biomedical applications,10.1016/j.rinp.2019.102767,Ti-based,,,,
P101,Enhancing mechanical properties of wirearc additively manufactured INCONEL 718 superalloy through in-process thermomechanical processing,10.1016/j.matdes.2018.10.038,Ti-based,,,,
P102,Experimental and numerical analysis of tensile properties of Ti-13Nb-13Zr alloy and determination of influence of anodization process,10.1007/s12540-020-00837-z,Ti-based,,,,
P103,Experimental study and crystal plasticity finite element simulations of nano-indentation-induced lattice rotation and the underlying mechanism in TC6 single α-grain,10.1016/j.matdes.2019.108423,Ti-based,,,,
P104,Fabrication of titanium-based alloys with bioactive surface oxide layer as biomedical implants Opportunity and challenges,10.1016/S1003-6326(21)65776-X,Ti-based,,,,
P105,Fatigue crack growth characterization of Inconel 718 after additive manufacturing by laser powder bed fusion and heat treatment,10.1016/j.ijfatigue.2022.107287,Ti-based,,,,
P106,Feasibility study of advanced manufacturing processes Integrating LPBF and LMD for Inconel 718,10.1016/j.jajp.2025.100296,Ti-based,,,,
P107,Findings and perspectives of β-Ti alloys with biomedical applications Exploring beyond biomechanical and biofunctional behaviour,10.1016/j.jmrt.2024.09.248,Ti-based,,,,
P108,From deformation twinning to α martensitic transformation in deforming Ti12Mo alloy with increasing grain size,10.1016/j.jmrt.2024.11.158,Ti-based,,,,
P109,Grain disintegration and dynamic recrystallization during impact tests of additively manufactured nickel-based alloy 718,10.1016/j.jmrt.2024.10.157,Ti-based,,,,
P110,Grain gradient in the heat-affected zone acquires an advancement in the ductility of flash-butt welded IN718 alloy,10.1016/j.jmrt.2024.10.100,Ti-based,,,,
P111,Heat treatment behaviour of IN718 superalloy fabricated by laser-powder bed fusion,10.1016/j.matchar.2023.112788,Unknown,,,,
P112,Identification of an affordable and printable metastable β Ti alloy with outstanding deformation behaviour for use in laser powder bed fusion,10.1016/j.msea.2024.146619,Ti-based,,,,
P113,Impact of IN718 bimodal powder size distribution on the performance and productivity of laser powder bed fusion additive manufacturing process,10.1016/j.powtec.2020.07.092,Ti-based,,,,
P114,Impact of high temperature stress relieving on final properties of Inconel 718 processed by laser powder bed fusion,10.1016/j.msea.2021.141111,Ti-based,,,,
P115,Improved plasticity of Inconel 718 superalloy fabricated by selective laser melting through a novel heat treatment process,10.1016/j.matdes.2019.107915,Ti-based,,,,
P116,Improving microstructural and mechanical characteristics of cold-sprayed Inconel 718 deposits via local induction heat treatment,10.1016/j.jallcom.2019.05.099,Ti-based,,,,
P117,Inconel 718 fabricated ceitalicviaceitalic arc-based directed energy deposition assisted with ceitalicin situceitalic interlayer hot forging,10.1016/j.msea.2025.149269,Ti-based,,,,
P118,Independent effects of laser power and scanning speed on IN718s precipitation and mechanical properties produced by LBPF plus heat treatment,10.1016/j.msea.2022.143530,Ti-based,,,,
P119,Influence of annealing on microstructure and mechanical properties of ultrafine-grained Ti45Nb,10.1016/j.matdes.2019.107864,Ti-based,,,,
P120,Influence of heat treatment on the fatigue resistance of Inconel 718 fabricated by selective laser melting SLM,10.1016/j.matpr.2021.02.447,Ti-based,,,,
P121,Influence of heat treatment on the high temperature properties of Inconel 718 fabricated via Laser Beam Powder Bed Fusion,10.1016/j.jmrt.2025.05.140,Ti-based,,,,
P122,Influence of laser beam shape and post heat-treatment on the microstructure and mechanical properties of nickel-based alloy IN718 manufactured by laser powder bed fusion,10.1016/j.jmrt.2025.06.119,Ti-based,,,,
P123,Influence of molten-pool cooling rate on solidification structure and mechanical property of laser additive manufactured Inconel 718,10.1016/j.jmrt.2022.06.162,Ti-based,,,,
P124,Influence of reduced carbon content on microstructure and mechanical behavior of Inconel 718 prepared by laser powder bed fusion,10.1016/j.addlet.2022.100037,Unknown,,,,
P125,Influence of remelting sequence on defect generation and high-temperature mechanical properties in laser powder bed fusion of IN718 alloys,10.1016/j.addma.2025.104854,Ti-based,,,,
P126,Influence of solution heat treatment on microstructure and tensile properties of Inconel 718 formed by high-deposition-rate laser metal deposition,10.1016/j.jallcom.2017.11.004,Ti-based,,,,
P127,Influence of stress on γ precipitation behavior in Inconel 718 during aging,10.1016/j.jallcom.2018.01.030,Ti-based,,,,
P128,Laser powder bed fusion of a β titanium alloy Microstructural development post-processing and mechanical behaviour,10.1016/j.msea.2024.146617,Ti-based,,,,
P129,Microsegregation behavior of Inconel 718 superalloy prepared by electron beam smelting layered solidification technology,10.1016/j.jallcom.2020.155019,Ti-based,,,,
P130,Microstructural Evolution and High-Temperature Deformation Behavior of Wire Arc Additively Manufactured Inconel 718 Forging Preforms Toward a Hybrid AdditiveForging Process,10.1016/j.jmrt.2025.12.213,Ti-based,,,,
P131,Microstructural and mechanical properties of high-performance Inconel 718 alloy by cold spraying,10.1016/j.jallcom.2019.04.045,Ti-based,,,,
P132,Microstructural control of LPBF Inconel 718 through post processing of intentionally placed AM discontinuity distributions,10.1016/j.mtla.2024.102163,Ti-based,,,,
P133,Microstructural evolution and hot tensile deformation behaviors below δ-solvus temperature of IN718 alloy fabricated by plasma arc additive manufacturing,10.1016/j.jmrt.2024.08.055,Ti-based,,,,
P134,Microstructural evolution and mechanical properties of IN718 alloy fabricated by selective laser melting following different heat treatments,10.1016/j.jallcom.2018.09.200,Ti-based,,,,
P135,Microstructural evolution and mechanical properties of brazed IN718 ultrathin-walled capillary structure using different particulate reinforced filler alloy,10.1016/j.cja.2021.03.001,Ti-based,,,,
P136,Microstructural heterogeneity and anisotropic mechanical propertiers of titanium alloys manufactured by wire arc additive manufacturing A review,10.1016/j.jmrt.2025.05.106,Ti-based,,,,
P137,Microstructure Evolution mechanical Properties and biological Response of Ti-Nb-Zr-Ta TNZThBN metal matrix composites processed via spark plasma sintering SPS,10.1016/j.matdes.2025.115103,Ti-based,,,,
P138,Microstructure and geometry effects on the compressive behavior of LPBF-manufactured inconel 718 honeycomb structures,10.1016/j.jmrt.2023.03.093,Unknown,,,,
P139,Microstructure and machinability evaluation in micro milling of selective laser melted Inconel 718 alloy,10.1016/j.jmrt.2021.06.081,Ti-based,,,,
P140,Microstructure and mechanical properties of the TiN particles reinforced IN718C composite,10.1016/j.jallcom.2018.05.096,Ti-based,,,,
P141,Microstructure and tensile fracture behavior of three-stage heat treated inconel 718 alloy produced via laser powder bed fusion process,10.1016/j.jmrt.2020.01.030,Unknown,,,,
P142,Microstructure and tensile properties of IN718 superalloy aged with temperaturestress coupled field,10.1016/j.jmrt.2023.02.124,Ti-based,,,,
P143,Microstructure and wear resistance of Inconel 718 alloy coating repaired by microwave heating remanufacturing,10.1016/j.matdes.2025.115288,Ti-based,,,,
P144,Microstructure evolution and mechanical properties of a hot-rolled Ti alloy,10.1016/j.pnsc.2020.11.007,Ti-based,,,,
P145,Microstructure evolution and mechanical property response of TC11 titanium alloy under electroshock treatment,10.1016/j.matdes.2020.109322,Ti-based,,,,
P146,Microstructure homogenization of laser powder bed fusion support-free low angle IN718 walls through heat treatment,10.1016/j.addlet.2025.100312,Ti-based,,,,
P147,Microstructure precipitates and mechanical properties of powder bed fused inconel 718 before and after heat treatment,10.1016/j.jmst.2018.12.006,Ti-based,,,,
P148,Microstructure-based modelling of the anisotropic creep behaviour in additively manufactured Inconel 718,10.1016/j.msea.2025.149029,Ti-based,,,,
P149,Microstructures and stress rupture properties of pulse laser repaired Inconel 718 superalloy after different heat treatments,10.1016/j.jallcom.2018.08.063,Ti-based,,,,
P150,New insights into the effect of heat-treatment on the machinability and tool wear in machining of additively manufactured metastable β-Ti Alloy Beta-C Ti-3Al-8V-6Cr-4Mo-4Zr,10.1016/j.triboint.2025.111033,Ti-based,,,,
P151,Novel bainitic Ti alloys designed for additive manufacturing,10.1016/j.matdes.2024.113176,Ti-based,,,,
P152,Oxidation behaviors in additive manufacturing titanium alloys via multi-eutectoid elements alloying,10.1016/j.jmrt.2025.03.148,Ti-based,,,,
P153,Phase transformation in titanium alloys A review,10.1016/S1003-6326(24)66597-0,Ti-based,,,,
P154,Precipitation kinetics in cryogenic-rolled TLM titanium alloy during isothermal aging treatment,10.1016/j.jmrt.2025.10.258,Ti-based,,,,
P155,Recrystallization and grain growth kinetics of IN718 manufactured by laser powder bed fusion,10.1016/j.jmrt.2022.06.157,Ti-based,,,,
P156,SLM process parameters effects on the fatigue strength of AMed Inconel 718,10.3390/met10091180,Ti-based,,,,
P157,Silicide precipitation behavior of Si-containing near-ceitalicβceitalic titanium alloy and its effect on grain refinement,10.1016/S1003-6326(25)66784-7,Ti-based,,,,
P158,Simultaneous improvement of strength and ductility in near β Ti alloy with α  β hybrid structure via intermediate phases transformation,10.1016/j.jmrt.2024.03.232,Ti-based,,,,
P159,Study of pre-precipitated δ phase promoting deformation twinning and recrystallization behavior of Inconel 718 superalloy during hot compression,10.1016/j.matdes.2023.111693,Ti-based,,,,
P160,Study of residual stress and microstructural evolution in as-deposited and inter-pass rolled wire plus arc additively manufactured Inconel 718 alloy after ageing treatment,10.1016/j.msea.2020.140368,Ti-based,,,,
P161,Study on fatigue damage in additively manufactured IN718 alloy,10.1016/j.msea.2017.12.043,Ti-based,,,,
P162,Study on location-related thermal cycles and microstructure variation of additively manufactured inconel 718,10.1016/j.jmrt.2022.03.178,Ti-based,,,,
P163,Tailoring microstructure tensile properties and creep resistance of additively manufactured Inconel 718 superalloy by post heat treatment,10.1016/S1003-6326(25)66789-6,Ti-based,,,,
P164,Tailoring the strength of inconel 718 Insights into LPBF parameters and heat treatment synergy,10.1016/j.matdes.2025.113627,Unknown,,,,
P165,The effect of Co additions on the microstructure and mechanical properties of solute lean   β Ti alloys,10.1016/j.msea.2025.149489,Ti-based,,,,
P166,The effect of energy density on texture and mechanical anisotropy in selective laser melted Inconel 718,10.1016/j.matdes.2020.108642,Ti-based,,,,
P167,The effect of forging texture and machining parameters on the fatigue performance of titanium alloy disc components,10.1016/j.ijfatigue.2020.105949,Ti-based,,,,
P168,The effect of heat treatment on the electrochemical properties of additive manufactured TC4 titanium alloy,10.1016/j.ijoes.2025.101007,Ti-based,,,,
P169,The effect of laser focus shift on microstructural variation of Inconel 718 produced by selective laser melting,10.1016/j.matdes.2018.04.019,Ti-based,,,,
P170,The effect of processing parameters on rapid-heating β recrystallization in inter-pass deformed Ti-6Al-4V wire-arc additive manufacturing,10.1016/j.matchar.2020.110298,Ti-based,,,,
P171,The effects of forging strategies on microstructures and mechanical properties of a Ti5Al5Mo5V1Cr1Fe near β-titanium alloy,10.1016/j.jmrt.2024.08.174,Ti-based,,,,
P172,The influence of the manufacturing process conditions on the in-vitro bio-performance of Titanium alloys,10.1016/j.procir.2022.06.071,Ti-based,,,,
P173,The intricacies of α-β microstructures in titanium alloys Insights into α-phase variant spatial distribution and orientation,10.1016/j.scriptamat.2025.116690,Ti-based,,,,
P174,The possibility of using laser surface engineered titanium alloy implants as a treatment for cardiovascular diseases,10.1016/j.bea.2024.100131,Ti-based,,,,
P175,Titanium-Based alloys and composites for orthopedic implants Applications A comprehensive review,10.1016/j.matdes.2024.112850,Ti-based,,,,
P176,Towards load-bearing biomedical titanium-based alloys From essential requirements to future developments,10.1016/j.pmatsci.2024.101277,Ti-based,,,,
P177,ceitalicIn situceitalic characterization of a high work hardening Ti-6Al-4V prepared by electron beam melting,10.1016/j.actamat.2019.08.037,Ti-based,,,,
P178,ceitalicαceitalic martensite engineering A strategy to achieve high yield strength and low yield ratio synergy for dual-phase titanium alloy,10.1016/j.matdes.2024.112764,Ti-based,,,,
P179,A study of fatigue notch sensibility on titanium alloy TiAl6V4 parts manufactured by selective laser melting,10.1016/j.prostr.2018.12.186,Ti-based,,,,
P180,Alpha-case kinetics and high temperature plasticity of Ti-6Al-4V alloy oxidized in different phase regions,10.1016/j.proeng.2017.10.973,Ti-based,,,,
P181,Analysis of microstructure in electro-spark deposited IN718 superalloy,10.1016/j.matchar.2016.07.025,Unknown,,,,
P182,Cooling rate effect on tensile strength of laser deposited Inconel 718,10.1016/j.promfg.2018.07.118,Unknown,,,,
P183,Crack growth in titanium alloy under ultrasonic loading,10.1016/j.prostr.2018.12.291,Ti-based,,,,
P184,Crystallographic texture control of beta-type Ti15Mo5Zr3Al alloy by selective laser melting for the development of novel implants with a biocompatible low Youngs modulus,10.1016/j.scriptamat.2016.12.038,Ti-based,,,,
P185,Deformation and fracture of a titanium alloy during penetration of high-speed impactor to the target,10.1016/j.prostr.2020.10.013,Ti-based,,,,
P186,Effect of Heat Treatment on Microstructure and Properties of Ti-6Al-4V-05Si alloy,10.14264/uql.2018.336,Ti-based,,,,
P187,Effect of base metal and welding speed on fusion zone microstructure and HAZ hot-cracking of electron-beam welded Inconel 718,10.1016/j.matdes.2015.10.082,Unknown,,,,
P188,Effects of processing routes on room temperature tensile strength and elongation for Inconel 718,10.1016/j.matdes.2017.01.069,Ti-based,,,,
P189,Effects of thermal cycles on the microstructure evolution of Inconel 718 during selective laser melting process,10.1016/j.addma.2017.08.016,Ti-based,,,,
P190,Fatigue behavior of IN718 microtrusses produced via additive manufacturing,10.1016/j.matdes.2016.05.032,Ti-based,,,,
P191,Feasibility of in situ controlled heat treatment ISHT of Inconel 718 during electron beam melting additive manufacturing,10.1016/j.addma.2016.09.001,Ti-based,,,,
P192,Formation of roll coating in cold rolling of titanium sheets,10.1016/j.proeng.2017.10.898,Ti-based,,,,
P193,Improvement of material performance of Inconel 718 formed by high deposition-rate laser metal deposition,10.1016/j.matdes.2016.03.006,Ti-based,,,,
P194,Microstructural and mechanical properties of Inconel 718 TIG weldments,10.1016/j.matpr.2017.11.544,Ti-based,,,,
P195,Microstructural and micromechanical characterization of IN718 theta shaped specimens built with electron beam melting,10.1016/j.actamat.2016.02.005,Ti-based,,,,
P196,Microstructural evolution and constitutive equations of Inconel 718 alloy under quasi-static and quasi-dynamic conditions,10.1016/j.matdes.2015.12.157,Ti-based,,,,
P197,Microstructural investigation of as-fabricated and heat-treated Inconel 625 and Inconel 718 fabricated by direct metal laser sintering contribution of Politecnico di Torino and Istituto Italiano di Tecnologia IIT di Torino,10.1016/j.mprp.2016.06.002,Ti-based,,,,
P198,Microstructure and directional fatigue behavior of Inconel 718 produced by selective laser melting,10.1016/j.prostr.2016.06.298,Ti-based,,,,
P199,Microstructure evolution mechanism during post-bond heat treatment of transient liquid phase bonded wrought IN718 superalloy An approach to fabricate boride-free joints,10.1016/j.jallcom.2017.06.206,Ti-based,,,,
P200,Microstructure evolution of IN718 alloy during the delta process,10.1016/j.proeng.2017.10.1137,Ti-based,,,,
P201,The effect of loading mode on fatigue crack initiation of IN718 superalloy,10.1016/j.prostr.2023.10.075,Ti-based,,,,
